SARS-CoV-2_10	CTCGGTACAGAAGTAAATGAGTTCGC	TGTCCTCACTGCCGTCTTGTT
SARS-CoV-2_11	GAGCAAGAAGAAGATTGGTTAGATGATGA	CGCTTAAAACACAACTACCACCCA
SARS-CoV-2_12	CATGCAAGTTGAATCTGATGATTACATAGC	AGTTATAAATGGCTTAACTTCCTCTTTAGG
SARS-CoV-2_13	CTGTCTTTGATAAAAATCTCTATGACAAACTTG	CTTTTTAGTAGGTATAACCACAGCAGTTAAAAC
SARS-CoV-2_14	GTGACATTGACATCACTTTCTTAAAGAAA	CCCTTATATTTACGCTGTATAGTTGAAACTA
SARS-CoV-2_15	CACATGCAGAAGAAACACGCAA	TCTTTATAGGAACCAGCAAGTGAGATG
SARS-CoV-2_16	AATGGTTATCTTACTTCTTCTTCTAAAACACCT	AAATGTTTTACCTTCATGTGAATTATGAGG
SARS-CoV-2_17	GACAACAGTTTGGTCCAACTTATTTGG	CTGTCTTATTACAGTAGGCTAAGATAAGTGC
SARS-CoV-2_18	GCTCTACAAGATGCTTATTACAGAGC	ACTCACTAGCACAAGTAAATGTACCATG
SARS-CoV-2_19	CCTTTTGTTATGATGTCAGCACCAC	CACATACAAACTTAAAATTATCGAAGCTTGC
SARS-CoV-2_1	CTCTTGTAGATCTGTTCTCTAAACGAACTTT	AAAACGCCTTTTTCAACTTCTACTAAGC
SARS-CoV-2_20	CCATAAAACCAGTTACTTATAAATTGGATGGT	CAGGTATTTGGTTTATACGTGGCTTTATTAG
SARS-CoV-2_21	GAAAGGAGCTAAATTGTTACATAAACCTATTGT	AGGTTTCTTAATAGTAAGACTAGAATTGTCTAC
SARS-CoV-2_22	TAAAAATTACAGAAGAGGTTGGCCACA	TAATTAAATGAAGCCTCTAGACAAAATTTACCG
SARS-CoV-2_23	AATTCTAGAATTAAAGCATCTATGCCGACTA	CAAAAGCAGTTAAATCCCATTTAAAAGATG
SARS-CoV-2_24	GTTTAGATTCTTTAGACACCTATCCTTCTTTAGA	ACAATAGTTGTACATTCGACTCTTGTT
SARS-CoV-2_25	GTGCATGTTGTAGACGGTTGTAATTC	CTCTCAGGTTGTCTAAGTTAACAAAATGAGA
SARS-CoV-2_26	CATCTTTACTTTGATAAAGCTGGTCAAAA	GAAATAAAAGTAGATAAGACATTGTCTAAGGAC
SARS-CoV-2_27	AAAACTCAAAACACTAGTTGCAACTGC	CACATGTCAACTTAAAAGGTAAGTTATTCT
SARS-CoV-2_28	CGTTAAAGATTTCATGTCATTGTCTGAACA	ATTAGTATAACTACCACCACGCTGG
SARS-CoV-2_29	CAGATACTTGTTTTGCTAACAAACATGCT	ACATAACGTGTGTCAGGGCGTA
SARS-CoV-2_2	TCGTACGTGGCTTTGGAGACTC	TCTTCATAAGGATCAGTGCCAAGCT
SARS-CoV-2_30	CAATTTTTAAAGATGCTTCTGGTAAGCCA	ACAATACCACCAGCTACTATAGATGC
SARS-CoV-2_31	GATCTTTACCAGGAGTTTTCTGTGG	ACAAATGATATAAGCAATTGTTATCCAGAAAGG
SARS-CoV-2_32	GGTGTTTATTCTGTTATTTACTTGTACTTGACA	TTGCGAGATGACAACAAGCAGC
SARS-CoV-2_33	ATAATAAGTACAAGTATTTTAGTGGAGCAATGG	AATGTCCAATAACCCTGAGTTGAACATTA
SARS-CoV-2_34	TGAAGATTTACTCATTCGTAAGTCTAATCA	GTCAACAAAAGGTCCATAAAAGTTACCT
SARS-CoV-2_35	TTTTTGTTACATGCACCATATGGAATTACC	AAATTCATCTTCTAATAAAGCACTACCCAA
SARS-CoV-2_36	CCGTTTTAGATATGTGTGCTTCATTAAAAGAAT	GGCATATAGACCATATTAAAATAAGCTACAG
SARS-CoV-2_37	AAACATAAGCATGCATTTCTCTGTTTGTT	ACCTCTGGCCAAAAACATGACA
SARS-CoV-2_38	GTGGGCTCTTATAATCTCTGTTACTTCTAAC	CTTTACATCTGACATTTTAGACTGTACAGTG
SARS-CoV-2_39	AACATTAAATTGTTGGGTGTTGGTGG	CAGAATCACCATTAGCAACAGCCT
SARS-CoV-2_3	AGAACGGTAATAAAGGAGCTGGT	TTTGCCAATTTAATTTCAAAAGGTGTCTG
SARS-CoV-2_40	TCCCTTCCATCATATGCAGCTTTTG	TTTTTATATGTGTTATAGTCTGGTATGACAACC
SARS-CoV-2_41	CAAGAGATGGTTGTGTTCCCTTGAA	AACAGTGCAAGTACAAACCTACCTC
SARS-CoV-2_42	GCACTGATGACAATGCGTTAGC	CAATTAGTGATTGGTTGTCCCCCAC
SARS-CoV-2_43	GCTTTTGCTGTAGATGCTGCTAAA	CACCGCAAACCCGTTTAAAAAC
SARS-CoV-2_44	ATCAACTCCGCGAACCCATG	TGCCATTGTGTATTTAGTAAGACGTTGA
SARS-CoV-2_45	ACTTCTTTAAGTTTAGAATAGACGGTGAC	TCTACAACAGGAACTCCACTACCT
SARS-CoV-2_46	CTCAATGGTAACTGGTATGATTTCGGT	TGGAACACCATCAACAAATATTTTTCTCAC
SARS-CoV-2_47	CTTTAATGTTTTATTCTCTACAGTGTTCCCAC	ATCCTGAGCAAAGAAGAAGTGTTTTAATTC
SARS-CoV-2_48	GACTTTGCTGTGTCTAAGGGTTTCT	TTCTTTGCACTAATGGCATACTTAAGATTC
SARS-CoV-2_49	CACTTTTCGCATATACAAAACGTAATGTC	CACTCATTAGCTAATCTATAGAAACGGTGT
SARS-CoV-2_4	CATGAAATTGCTTGGTACACGGAAC	AAATTTTAACAACAGCATTTTGGGGTAAGT
SARS-CoV-2_50	TCACTTGTTCTTGCTCGCAAACAT	TATTGAAACACACAACAGCATCGTCA
SARS-CoV-2_51	CTTTGTGAATGAGTTTTACGCATATTTGC	AGGATGTTTAGTAAGTGGGTAAGCATCTATA
SARS-CoV-2_52	TGGTACACTTATGATTGAACGGTTCG	GTGACATCACAACCTGGAGCATT
SARS-CoV-2_53	GTGCTTGCATACGTAGACCATTCTTA	GACAGTTTAAATGTCTCCTCAGTAGCTTT
SARS-CoV-2_54	TCAAGCTTTTTGCAGCAGAAACG	ACATTGCTAGAAAACTCATCTGAGATATT
SARS-CoV-2_55	CAAGAGCACTATGTTAGAATTACTGGCTTATA	TTTCATCAAAGACAACTATATCTGCTGTC
SARS-CoV-2_56	CACTATGTGAGAAGGCATTAAAATATTTGC	ACAATTTCAGCAGGACAACGCC
SARS-CoV-2_57	GGCACACTAGAACCAGAATATTTCAATTC	AGTGGTTTGAGTGAATATGACATAGTC
SARS-CoV-2_58	GGGACTACCAACTCAAACTGTTGATT	ATCATAGAGATGAGTCTTCTATAGGTCATGT
SARS-CoV-2_59	GTGTTGACACTAAATTCAAAACTGAAGGTTTA	CGCACTACATTCCAAGGAAGTCC
SARS-CoV-2_5	TTTGTGGCACTGAGAATTTGACTAAAGA	ATAATGGCGATCTCTTCATTAAGTTTAAAGTC
SARS-CoV-2_60	CGCCTGGAGATCAATTTAAACACC	GCATCACAACTAGCTACATGTGCAT
SARS-CoV-2_61	GGTAACCTACAAAGCAACCATGATCT	TCCAAAATAGGCATACACCATCTGT
SARS-CoV-2_62	TCTATGATGCACAGCCTTGTAGTGA	GTCTACAGACAGCACCACCTAAATTG
SARS-CoV-2_63	AGTGTCAGATATAGATTATGTACCACTAAAGTCT	GCCCAAAGCTCAAATGCTACATTAAC
SARS-CoV-2_64	AGTTGATGGTGTTGATGTAGAATTGTTTG	TAATGTGACTCCATTAAGACTAGCTTGTTT
SARS-CoV-2_65	GCCCGTAATGGTGTTCTTATTACAGA	GTACTGTCCATAGGAATAAAATCTTCTAATTCA
SARS-CoV-2_66	GGTTTACATCTACTGATTGGACTAGCTAAA	CACTATCACCATAATTTTGAAGGTCACAC
SARS-CoV-2_67	AATTACAATCTAGTCAAGCGTGGCAA	CATATCACTAATAATGAGATCCCATTTATTAGC
SARS-CoV-2_68	ATTGGTGATTGTGCAACTGTACATACA	ACTCATGTCAAATAAAGAATAGGAAGACAA
SARS-CoV-2_69	ATGTCATGCATGCAAATTACATATTTTGGA	AGTCCTGAGTTGAATGTAAAACTGAG
SARS-CoV-2_6	GTGTTGTTGGAGAAGGTTCCGA	TATTGTTATAGCGGCCTTCTGTAAAAC
SARS-CoV-2_70	TTTATTGCCACTAGTCTCTAGTCAGTGT	AATTCACAGACTTTAATAACAACATTAGTAGCG
SARS-CoV-2_71	GAGGCTGGATTTTTGGTACTACTTTAGA	ATGTTAATACCTATTGGCAAATCTACCA
SARS-CoV-2_72	GGTTATTTTAAAATATATTCTAAGCACACGCCT	ATCTAACAATAGATTCTGTTGGTTGGACTC
SARS-CoV-2_73	CGTTGAAATCCTTCACTGTAGAAAAAGG	GCTATAACGCAGCCTGTAAAATCATCT
SARS-CoV-2_74	ATGTCTATGCAGATTCATTTGTAATTAGAGGT	TCCACAAACAGTTGCTGGTGC
SARS-CoV-2_75	AACCATACAGAGTAGTAGTACTTTCTTTTGA	CCTGTAGAATAAACACGCCAAGTAGG
SARS-CoV-2_76	CAAAAAGTTTCTGCCTTTCCAACAATTTG	TGACTAGCTACACTACGTGCCC
SARS-CoV-2_77	GCAGGTATATGCGCTAGTTATCAGAC	AATTGGTGGTGTTTTGTAAATTTGTTTGAC
SARS-CoV-2_78	GCAATATGGCAGTTTTTGTACACAATTAAA	GCACCAAAGGTCCAACCAGAAG
SARS-CoV-2_79	GATGAAATGATTGCTCAATACACTTCTGC	TGCCTGTGATCAACCTATCAATTTG
SARS-CoV-2_7	GCTGCTCGTGTTGTACGATCAAT	CTCCTTAATTTCCTTTGCACAGGTG
SARS-CoV-2_80	ACGCTTGTTAAACAACTTAGCTCCAA	CTTCACGAGGAAAGTGTGCTTTTC
SARS-CoV-2_81	CATGTGACTTATGTCCCTGCACA	GAGATTCATTTAAATTCTTGGCAACCTCATT
SARS-CoV-2_82	TGATTTAGGTGACATCTCTGGCATTAATG	GATTTCACCTTGCTTCAAAGTTACAGTTC
SARS-CoV-2_83	CATTACACATAAACGAACTTATGGATTTGT	GCCAAAGCCTCATTATTATTCTTACAAAGTTTA
SARS-CoV-2_84	GTAACAGTTTACTCACACCTTTTGCTC	TGTTCAACACCARTGTCTGTACTC
SARS-CoV-2_85	TCACTTCAGACTATTACCAGCTGTACTC	AAAGAAGGTTTTACAAGACTCACGTTAAC
SARS-CoV-2_86	CATCCTTACTGCGCTTCGATTGT	ACCGGTGATCCAATTTATTCTGTAAA
SARS-CoV-2_87	AGGTTTCCTATTCCTTACATGGATTTGT	CCTTGATGTCACAGCGTCCT
SARS-CoV-2_88	GTGGACATCTTCGTATTGCTGGA	CCATTGGTTGCTCTTCATCTAATTGAG
SARS-CoV-2_89	GATGTTTCATCTCGTTGACTTTCAGG	GCCGTCAGGACAAGCAAAAG
SARS-CoV-2_8	TGCTTGTGAAATTGTCGGTGGAC	AAGCCCGTTAATACAAACTGGTGTAC
SARS-CoV-2_90	TCATCCTCTAGCTGATAACAAATTTGCA	TTCTTGGTGAAATGCAGCTACAG
SARS-CoV-2_91	TATCTTTTGGTTCTCACTTGAACTGCAA	CGAACGTCATGATACTCTAAAAAGTCTT
SARS-CoV-2_92	TTCCTGTTTACCTTTTACAATTAATTGCCAG	CTTCGGTAGTAGCCAATTTGGTCATC
SARS-CoV-2_93	TCGAGGACAAGGCGTTCCAA	GCCTGGAGTTGAATTTCTTGAACT
SARS-CoV-2_94	GCAGTCAAGCCTCTTCTCGTT	CATTCCGAAGAACGCTGAAGC
SARS-CoV-2_95	CTGATTACAAACATTGGCCGCAAA	ATCTGCCTTGTGTGGTCTGCA
SARS-CoV-2_96	CTGCAGATTTGGATGATTTCTCCA	TTTGTCATTCTCCTAAGAAGCTATTAAAATCAC
SARS-CoV-2_9	GTCTTGAAAACTGGTGATTTACAACCATTA	GTAATTCAGATACTGGTTGCAAAGTTTTTATGA
