primer_name	forward_primer	reverse_primer
varskip-0317-1_01	GGTAACAAACCAACCAACTTTCGA	CACCAAGTGTCTCACCACTACG
varskip-0317-1_02	GGCTTAGTAGAAGTTGAAAAAGGCG	AACGTTCCGTGTACCAAGCAAT
varskip-0317-1_03	CCTGATGGCTACCCTCTTGAGT	ATTCGGCAAGACTATGCTCAGG
varskip-0317-1_04	AAGCCACTTGCGAATTTTGTGG	TCTGTTCACCAATATTCCAGGCA
varskip-0317-1_05	GGCATCTTTTTCTGCTTCCACA	CCACCGACAATTTCACAAGCAC
varskip-0317-1_06	CTACATTACAGGTGGTGTTGTTCAG	ATTTCGAGCAACATAAGCCCGT
varskip-0317-1_07	TCTTCTTAGAGGGAGAAACACTTCC	ACCTTCTTCTTCATCCTCATCTGG
varskip-0317-1_08	TCTGAATTACTTACACCACTGGGC	TTTAAGGCTCCTGCAACACCTC
varskip-0317-1_09	AGACTATTGAAGTGAATAGTTTTAGTGGT	TCAGTTATAAATGGCTTAACTTCCTCTT
varskip-0317-1_10	AGTTTGTGTAGATACTGTTCGCACA	AGGCACTTTTACACTTTTTAAGCACT
varskip-0317-1_11	CTGCTGTGGTTATACCTACTAAAAAG	GAAGAAGTAAGATAACCATTATACGCTGT
varskip-0317-1_12	ACTCTTGTTACAATGCCACTTGG	AGTACTCAAAAGCCTCAACACGT
varskip-0317-1_13	CGCAAGTTGTGGACATGTCAAT	CCCATGTACATAACAGCTTCTACAC
varskip-0317-1_14	ACCTGCTCTACAAGATGCTTATTACA	TTTCTGTACAAACAACACCATCCAA
varskip-0317-1_15	ACTTTGTATTGCATAGACGGTGC	GCGTCCTCTGACTTCAGTACAT
varskip-0317-1_16	TTGTTACATAAACCTATTGTTTGGCATG	AAGGCATATAATTAGTACAAACACGGT
varskip-0317-1_17	TGTAGACAATTCTAGTCTTACTATTAAGAAACC	CTAAACCACTAAGACAAACACTACAAG
varskip-0317-1_18	TCAACCGCTGCTTTAGGTGTTT	AGACATAAAAGGACCTTCTAACACCAT
varskip-0317-1_19	TGGTTAGAATGTACATCTTCTTTGCA	CCAACATCAGACACTAATGCCTG
varskip-0317-1_20	AGACAACCTGAGAGCTAATAACACT	ACGTTCCATATCAAAGCAATGTTGT
varskip-0317-1_21	TCTGACATAGAAGTTACTGGCGAT	TTGTTATGACTGCAGCAATCAATGG
varskip-0317-1_22	AGGATACAAGGCTATTGATGGTGG	TCTGATCTTTCACAAGTGCCGT
varskip-0317-1_23	TGAAAGTTTACGCCCTGACACA	AGGTGTGAACATAACCATCCACT
varskip-0317-1_24	GGTGAATACAGTCATGTAGTTGCC	AACCACTCTGCAAAACAGCTGA
varskip-0317-1_25	TGCGTAGTGATGTGCTATTACCT	GATGGTGAACCATTGTAACAAGCTAA
varskip-0317-1_26	TGTTCAACTCAGGGTTATTGGACA	AAACGGCAATTCCAGTTTGAGC
varskip-0317-1_27	GGAGACAGGTGGTTTCTCAATCG	TCCAACCATGTCATAATACGCATCA
varskip-0317-1_28	GCCTTTTTACCTTTTGCTATGGGT	CGGTTGAGTAAACAAAAGAGGCC
varskip-0317-1_29	GATGGTGCTAGGAGAGTGTGGA	TGGACACATTGAGCCCACAATT
varskip-0317-1_30	AAAGTAGCCACTGTACAGTCTAAAATG	GCATAGCACTAGTAACTTTTGCCC
varskip-0317-1_31	GTTGAAGAAGTCTTTGAATGTGGCT	GCTAACGCATTGTCATCAGTGC
varskip-0317-1_32	CATGGCCTCTTATTGTAACAGCTT	ATTGCCTGACCAGTACCAGTGT
varskip-0317-1_33	CAACAGAAGTGCCTGCCAATTCAA	CGTCCTTTTCTTGGAAGCGACA
varskip-0317-1_34	GTAAGTGCAGCCCGTCTTACAC	TCGCATGGCATCACAGAATTGT
varskip-0317-1_35	ACTTGTCACATACAATTGTTGTGATGA	ACAAATATTTTTCTCACTAGTGGTCCA
varskip-0317-1_36	ACCGTTATTTTAAATATTGGGATCAGACA	ACAAATAGTAGTTGTCTGATATCACACAT
varskip-0317-1_37	TGTTGCTTTTCAAACTGTCAAACC	TGCTTGTTCCAATTACTACAGTAGCT
varskip-0317-1_38	TGAATCTTAAGTATGCCATTAGTGCAA	AAAGTCTGTGTTGTAAATTGCGGA
varskip-0317-1_39	GAGTGAAATGGTCATGTGTGGC	AGCTAAAGACACGAACCGTTCA
varskip-0317-1_40	GACCTCATGAATTTTGCTCTCAACA	GCTCATACCTCCTAAGTAAAGTTGAGT
varskip-0317-1_41	AAGATGTGGTGCTTGCATACGT	ACAACAGCATCACCATAGTCACC
varskip-0317-1_42	GCTACTGTACGTGAAGTGCTGT	CAAAACAATCTACACGAGCACG
varskip-0317-1_43	GCAAAAGTATTCTACACTCCAGGGA	TTGAGCTGATTTGTCTTTATGTGCT
varskip-0317-1_44	AGGGCACACTAGAACCAGAATATT	AGTCCTGTTACATTTTCAGCTTGTAA
varskip-0317-1_45	ACAGCTCACTCTTGTAATGTAAACAG	GCGGTGGTTTAGCACTAACTCT
varskip-0317-1_46	CGAGGGGTGTCATGCTACTAGA	ACACCTAGTCATGATTGCATCACA
varskip-0317-1_47	CCTGTTGGCATCATTCTATTGGATT	GCAAGTTAAGGTTAGATAGCACTCTA
varskip-0317-1_48	GATGCACAGCCTTGTAGTGACA	CATCAAAGTGTCCCTTATTTACAACATT
varskip-0317-1_49	TGTAGACATCATGCTAATGAGTACAGA	AACACTACCTTCTGTAATAAGAACACC
varskip-0317-1_50	AAAGAGATGCTCCAGCACATATATCT	AGATGAACCTGTTTGCGCATCT
varskip-0317-1_51	AGTCATAGTCAGTTAGGTGGTTTACA	AAAACAGCTGTACCTGGTGCAA
varskip-0317-1_52	CCTAAAGGCATAATGATGAATGTCGC	TTTGCATGCATGACATAACCATCT
varskip-0317-1_53	TCTTTATAAGCTCATGGGACACTTC	CAAGTAACATTGGAAAAGAAAGGTAAGAA
varskip-0317-1_54	GTTCTTGTTAACAACTAAACGAACAATGT	CCCTGTTTTCCTTCAAGGTCCA
varskip-0317-1_55	ACGCTACTAATGTTGTTATTAAAGTCTGT	AGAAGTTTGATAGATTCCTTTTTCTACAGT
varskip-0317-1_56	TGCAGCTTATTATGTGGGTTATCTTC	AATTACCACCAACCTTAGAATCAAGATT
varskip-0317-1_57	TGCAGATTCATTTGTAATTAGAGGTGA	TCAAGTGTCTGTGGATCACGGA
varskip-0317-1_58	CCAGCAACTGTTTGTGGACCTA	TGGGTATGGCAATAGAGTTATTAGAGT
varskip-0317-1_59	TGTGACATACCCATTGGTGCAG	GGCCGTTAAACTTTTGTGCACA
varskip-0317-1_60	ACCAGATCCATCAAAACCAAGCA	AATTTGCACTTCAGCCTCAACTT
varskip-0317-1_61	TTCTTCCACAGCAAGTGCACTT	ACAACATCACAGTTACCAGACACA
varskip-0317-1_62	AACTGCTCCTGCCATTTGTCAT	ACTGGCTCAGAGTCGTCTTCAT
varskip-0317-1_63	GGAAAGTATGAGCAGTATATAAAATGGCC	ACAAAGTTTATACTCTGCAAGAAGTAGAC
varskip-0317-1_64	ATCATAACCCTCAAAAAGAGATGGC	CGTCGATTGTGTGAATTTGGACA
varskip-0317-1_65	GGAATCTGGAGTAAAAGACTGTGTT	CATGGCTAAAATTAAAGTTCCAAACAGA
varskip-0317-1_66	TGTGTGCGTACTGCTGCAATAT	TTCTAGAAGCGGTCTGGTCAGA
varskip-0317-1_67	TAGCTTGTTTTGTGCTTGCTGC	TCCAAATGGAAACTTTAAAAGTCCTCA
varskip-0317-1_68	TAGCAGGTGACTCAGGTTTTGC	ACTTCCTCTTGTCTGATGAACAGT
varskip-0317-1_69	AAAAGAACCTTGCTCTTCTGGAACAT	GCACAATTCAATTAAAGGTGCTGAT
varskip-0317-1_70	CTTTTGGTTCTCACTTGAACTGCA	GGGGCCGACGTTGTTTTGAT
varskip-0317-1_71	AGAGTATCATGACGTTCGTGTTGT	CTCTGCTCCCTTCTGCGTAGAA
varskip-0317-1_72	GCTGGACTTCCCTATGGTGCTA	ACATTCCGAAGAACGCTGAAGC
varskip-0317-1_73	GCCACTAAAGCATACAATGTAACACA	TTGTGCTATGTAGTTACGAGAATTCAT
varskip-0317-1_74	ACACAGGTGCCATCAAATTGGA	GCACTACTAAAATTAATTTTACACATTAGGGC